{
  "states": [
    { "code": "AN", "name": "Andaman and Nicobar Islands", "region": "Islands", "capital": "Port Blair" },
    { "code": "AP", "name": "Andhra Pradesh", "region": "South", "capital": "Amaravati" },
    { "code": "AR", "name": "Arunachal Pradesh", "region": "Northeast", "capital": "Itanagar" },
    { "code": "AS", "name": "Assam", "region": "Northeast", "capital": "Dispur" },
    { "code": "BR", "name": "Bihar", "region": "East", "capital": "Patna" },
    { "code": "CH", "name": "Chandigarh", "region": "North", "capital": "Chandigarh" },
    { "code": "CT", "name": "Chhattisgarh", "region": "Central", "capital": "Raipur" },
    { "code": "DN", "name": "Dadra and Nagar Haveli and Daman and Diu", "region": "West", "capital": "Daman" },
    { "code": "DL", "name": "Delhi", "region": "North", "capital": "New Delhi" },
    { "code": "GA", "name": "Goa", "region": "West", "capital": "Panaji" },
    { "code": "GJ", "name": "Gujarat", "region": "West", "capital": "Gandhinagar" },
    { "code": "HR", "name": "Haryana", "region": "North", "capital": "Chandigarh" },
    { "code": "HP", "name": "Himachal Pradesh", "region": "North", "capital": "Shimla" },
    { "code": "JK", "name": "Jammu and Kashmir", "region": "North", "capital": "Srinagar" },
    { "code": "JH", "name": "Jharkhand", "region": "East", "capital": "Ranchi" },
    { "code": "KA", "name": "Karnataka", "region": "South", "capital": "Bengaluru" },
    { "code": "KL", "name": "Kerala", "region": "South", "capital": "Thiruvananthapuram" },
    { "code": "LA", "name": "Ladakh", "region": "North", "capital": "Leh" },
    { "code": "LD", "name": "Lakshadweep", "region": "Islands", "capital": "Kavaratti" },
    { "code": "MP", "name": "Madhya Pradesh", "region": "Central", "capital": "Bhopal" },
    { "code": "MH", "name": "Maharashtra", "region": "West", "capital": "Mumbai" },
    { "code": "MN", "name": "Manipur", "region": "Northeast", "capital": "Imphal" },
    { "code": "ML", "name": "Meghalaya", "region": "Northeast", "capital": "Shillong" },
    { "code": "MZ", "name": "Mizoram", "region": "Northeast", "capital": "Aizawl" },
    { "code": "NL", "name": "Nagaland", "region": "Northeast", "capital": "Kohima" },
    { "code": "OR", "name": "Odisha", "region": "East", "capital": "Bhubaneswar" },
    { "code": "PY", "name": "Puducherry", "region": "South", "capital": "Puducherry" },
    { "code": "PB", "name": "Punjab", "region": "North", "capital": "Chandigarh" },
    { "code": "RJ", "name": "Rajasthan", "region": "West", "capital": "Jaipur" },
    { "code": "SK", "name": "Sikkim", "region": "Northeast", "capital": "Gangtok" },
    { "code": "TN", "name": "Tamil Nadu", "region": "South", "capital": "Chennai" },
    { "code": "TG", "name": "Telangana", "region": "South", "capital": "Hyderabad" },
    { "code": "TR", "name": "Tripura", "region": "Northeast", "capital": "Agartala" },
    { "code": "UP", "name": "Uttar Pradesh", "region": "North", "capital": "Lucknow" },
    { "code": "UK", "name": "Uttarakhand", "region": "North", "capital": "Dehradun" },
    { "code": "WB", "name": "West Bengal", "region": "East", "capital": "Kolkata" }
  ],
  "regions": ["North", "South", "East", "West", "Central", "Northeast", "Islands"]
}
